545589599,Samuel Kuleshova,226 Elm Blvd.,Olympia,WA,4905
301523968,Samuel Newman,617 Spruce Blvd.,San Francisco,WA,6695
954523967,Samuel Kuleshova,732 Ash Lane,Salem,WA,6003
521118834,Ken Kuleshova,67 Oak Lane,San Diego,OR,1228
393368377,Poly Newman,284 Pine Blvd.,Seattle,CA,1008
945637241,Trae Dainard,127 Willow Ave.,Salem,CA,4597
245422183,Ken Tyrell,878 Oak Blvd.,Portland,CA,8672
955265646,Trae Newman,889 Oak Blvd.,Salem,OR,6059
131119887,Nevada Kuleshova,257 Willow St.,San Diego,CA,7286
437802526,Trae Kuleshova,17 Elm St.,Seattle,CA,7050
423743,Ken Williams,385 Fir Lane,San Diego,WA,7330
17228696,Nihar Tyrell,465 Elm St.,San Diego,OR,5262
706666208,Trae Tyrell,533 Willow Blvd.,Seattle,CA,9901
927174385,Matt Kuleshova,349 Oak Lane,San Francisco,WA,9184
680762991,Matt Williams,261 Popular Ave.,San Diego,OR,6165
332917753,Nihar Koppolu,868 Fir Lane,Sacremento,CA,2946
494669897,Samuel Kuleshova,269 Spruce Lane,San Diego,OR,2134
564443012,Nevada Tyrell,557 Spruce St.,Olympia,CA,7693
408439758,Samuel Koppolu,483 Ash St.,Olympia,OR,9239
824714462,Trae Kuleshova,163 Fir St.,Salem,WA,9223
142863881,Nevada Williams,876 Willow Lane,Los Angles,CA,3672
673479395,Trae Williams,602 Elm St.,Olympia,CA,7112
239299860,Trae Duyck,583 Spruce Lane,Sacremento,CA,3074
480875160,Poly Tyrell,21 Elm Lane,Los Angles,CA,8338
771132682,Matt Kuleshova,269 Oak Blvd.,Seattle,OR,8742
451746154,Ken Koppolu,832 Popular Lane,Olympia,OR,8636
826651544,Nevada Dainard,376 Popular Lane,San Diego,WA,3432
982981357,Trae Williams,470 Elm Lane,Salem,OR,3128
773014576,Ken Williams,405 Willow Blvd.,Olympia,OR,444
876132641,Trae Newman,719 Oak Blvd.,Los Angles,CA,2366
32363558,Trae Kuleshova,235 Oak Lane,San Diego,OR,9459
982901318,Poly Newman,520 Spruce Blvd.,Seattle,WA,509
527961133,Samuel Newman,334 Willow Ave.,Olympia,CA,9447
696069232,Trae Kuleshova,656 Elm Blvd.,Sacremento,CA,4137
212692583,Nihar Newman,205 Spruce Blvd.,San Diego,OR,5969
414207303,Poly Williams,999 Popular St.,Olympia,CA,7236
249364263,Samuel Kuleshova,856 Pine Lane,Salem,OR,4816
706352251,Trae Tyrell,918 Fir St.,San Francisco,CA,7738
939508314,Ken Williams,55 Spruce Lane,San Diego,OR,1887
157266390,Poly Williams,218 Pine Blvd.,Olympia,WA,3724
702737641,Nihar Duyck,633 Popular Blvd.,Olympia,CA,8020
970120199,Nevada Kuleshova,15 Fir Blvd.,San Diego,CA,3883
366747406,Poly Dainard,527 Fir Ave.,San Francisco,OR,4753
152723511,Nihar Koppolu,926 Elm Lane,Seattle,CA,5413
209290049,Matt Dainard,328 Fir Ave.,San Diego,OR,2979
415918886,Trae Dainard,647 Pine Blvd.,Los Angles,WA,6715
739018565,Samuel Koppolu,943 Willow Blvd.,Seattle,WA,9119
969806990,Trae Duyck,20 Oak Lane,Salem,CA,7487
938570724,Samuel Williams,352 Willow Lane,Olympia,OR,7219
329527673,Ken Dainard,184 Fir St.,Sacremento,OR,3149
516635795,Matt Tyrell,670 Elm Blvd.,Salem,WA,9688
344000392,Nihar Newman,733 Fir Lane,Sacremento,WA,2578
873374828,Matt Kuleshova,199 Willow Lane,Portland,CA,6418
626054963,Ken Newman,613 Oak St.,Los Angles,CA,5910
185034189,Nihar Koppolu,761 Popular Ave.,Sacremento,WA,5637
197541737,Samuel Williams,876 Popular St.,San Francisco,WA,6506
885987060,Ken Williams,449 Spruce Blvd.,Portland,OR,7819
597100455,Nihar Tyrell,462 Elm Ave.,San Diego,CA,3510
124020793,Nihar Newman,896 Fir Blvd.,Los Angles,WA,8479
483298578,Nihar Duyck,576 Oak St.,Seattle,WA,4652
870262113,Nevada Kuleshova,957 Oak St.,Salem,OR,7557
367499554,Poly Newman,572 Popular St.,San Francisco,WA,4143
760919453,Ken Dainard,835 Willow St.,Salem,WA,3348
336221675,Ken Duyck,581 Fir Lane,Olympia,OR,8574
638644182,Samuel Williams,82 Willow Lane,Los Angles,WA,8321
74894403,Ken Koppolu,769 Popular Blvd.,Olympia,CA,3423
401188468,Samuel Newman,267 Pine St.,Salem,CA,5486
736478440,Ken Koppolu,290 Elm Blvd.,Salem,CA,6791
107529085,Matt Duyck,183 Willow Lane,San Francisco,WA,8463
640303223,Matt Kuleshova,338 Willow Blvd.,San Diego,CA,7676
208606778,Trae Newman,232 Oak St.,San Diego,WA,2656
492213601,Samuel Newman,519 Elm St.,San Francisco,WA,2620
234794637,Poly Kuleshova,957 Fir St.,San Diego,WA,8762
750229465,Nevada Newman,864 Pine Ave.,Portland,OR,5489
808714066,Samuel Tyrell,827 Fir Lane,San Diego,CA,9259
36632766,Nevada Duyck,150 Ash Lane,San Diego,WA,5074
774004021,Poly Tyrell,76 Pine Lane,San Diego,WA,7286
384531735,Poly Kuleshova,603 Spruce St.,Seattle,CA,4694
982078531,Trae Tyrell,115 Willow Blvd.,Seattle,CA,5041
728336799,Nevada Tyrell,572 Spruce Ave.,Sacremento,OR,7894
256133648,Nihar Kuleshova,6 Pine Lane,Seattle,WA,7074
745023708,Nevada Koppolu,256 Ash Blvd.,Sacremento,OR,9765
814005399,Samuel Newman,620 Spruce St.,Salem,OR,305
628699783,Poly Dainard,760 Pine Ave.,Portland,CA,1834
213798745,Nihar Tyrell,838 Willow Lane,San Francisco,CA,3076
976477645,Poly Newman,838 Spruce Blvd.,San Diego,WA,370
891569395,Samuel Williams,456 Popular St.,Olympia,CA,5434
767851585,Matt Kuleshova,773 Elm Lane,San Diego,CA,5554
768665094,Matt Dainard,559 Ash Blvd.,Salem,CA,9779
994449521,Matt Dainard,663 Pine Lane,Portland,CA,4671
362975827,Nihar Williams,779 Pine Ave.,Olympia,OR,1300
100312790,Samuel Koppolu,73 Fir St.,Salem,CA,4799
769838994,Poly Newman,902 Pine Ave.,Sacremento,OR,4912
358295932,Trae Dainard,160 Fir Lane,San Diego,OR,2634
384360442,Ken Koppolu,732 Elm Blvd.,Los Angles,OR,6031
174622159,Ken Williams,6 Willow Blvd.,San Francisco,WA,2032
652398203,Samuel Dainard,943 Fir St.,Salem,WA,4762
629337251,Nihar Dainard,645 Popular Ave.,San Francisco,OR,8885
50999849,Samuel Koppolu,489 Spruce Ave.,Los Angles,CA,5855
890781092,Ken Duyck,104 Fir St.,Salem,CA,7147
